{
  "applicationTimeout": "1,0,0,0",
  "cacheDirectory": "{lucee-config}/cache/",
  "cacheDirectoryMaxSize": "100mb",
  "cascadeToResultset": true,
  "clientCookies": true,
  "clientDirectory": "{lucee-config}/client-scope/",
  "clientDirectoryMaxSize": "100mb",
  "clientManagement": false,
  "clientTimeout": "0,0,90,0",
  "componentBase": "/lucee/Component.cfc",
  "componentDataMemberAccess": "public",
  "componentDumpTemplate": "/lucee/component-dump.cfm",
  "developMode": false,
  "domainCookies": false,
  "listenerMode": "curr2root",
  "listenerType": "mixed",
  "mailConnectionTimeout": 30,
  "mailSpoolEnable": true,
  "mailSpoolInterval": 5,
  "mergeUrlForm": false,
  "mode": "single",
  "preserveSingleQuote": false,
  "requestTimeout": "0,0,0,50",
  "scopeCascading": "standard",
  "sessionManagement": true,
  "sessionTimeout": "0,0,30,0",
  "systemErr": "system",
  "systemOut": "system",
  "tempDirectory": "{lucee-config}/temp/",
  "updateLocation": "https://update.lucee.org",
  "updateType": "manual",
  "version": "5.0",
  "cacheHandlers": {
    "timespan": {
      "class": "lucee.runtime.cache.tag.timespan.TimespanCacheHandler"
    },
    "request": {
      "class": "lucee.runtime.cache.tag.request.RequestCacheHandler"
    }
  },
  "cfx": {
    "HelloWorld": {
      "type": "java",
      "class": "lucee.cfx.example.HelloWorld"
    }
  },
  "componentMappings": [
    {
      "inspectTemplate": "never",
      "physical": "{lucee-config}/components/"
    }
  ],
  "customTagMappings": [
    {
      "inspectTemplate": "never",
      "physical": "{lucee-config}/customtags/"
    }
  ],
  "dataSources": {
    "preserveSingleQuote": "yes"
  },
  "debugging": {
    "logMemoryUsage": "no",
    "template": "/lucee/templates/debugging/debugging.cfm"
  },
  "defaultResourceProvider": [
    {
      "class": "lucee.commons.io.res.type.file.FileResourceProvider",
      "arguments": "lock-timeout:1000;"
    }
  ],
  "dumpWriters": [
    {
      "name": "html",
      "class": "lucee.runtime.dump.HTMLDumpWriter",
      "default": "browser"
    },
    {
      "name": "text",
      "class": "lucee.runtime.dump.TextDumpWriter",
      "default": "console"
    },
    {
      "name": "classic",
      "class": "lucee.runtime.dump.ClassicHTMLDumpWriter"
    },
    {
      "name": "simple",
      "class": "lucee.runtime.dump.SimpleHTMLDumpWriter"
    }
  ],
  "fileSystem": {
    "fldDefaultDirectory": "{lucee-config}/library/fld/",
    "tldDefaultDirectory": "{lucee-config}/library/tld/",
    "functionDefaultDirectory": "{lucee-config}/library/function/",
    "tagDefaultDirectory": "{lucee-config}/library/tag/",
    "deployDirectory": "{lucee-config}/cfclasses/"
  },
  "loggers": {
    "datasource": {
      "appender": "resource",
      "appenderArguments": {
        "path": "{lucee-config}/logs/datasource.log"
      },
      "level": "error",
      "layout": "classic"
    },
    "memory": {
      "appender": "resource",
      "appenderArguments": {
        "path": "{lucee-config}/logs/memory.log"
      },
      "level": "error",
      "layout": "classic"
    },
    "requesttimeout": {
      "appender": "resource",
      "appenderArguments": {
        "path": "{lucee-config}/logs/requesttimeout.log"
      },
      "level": "error",
      "layout": "classic"
    },
    "deploy": {
      "appender": "resource",
      "appenderArguments": {
        "path": "{lucee-config}/logs/deploy.log"
      },
      "level": "info",
      "layout": "classic"
    },
    "thread": {
      "appender": "resource",
      "appenderArguments": {
        "path": "{lucee-config}/logs/thread.log"
      },
      "level": "error",
      "layout": "classic"
    },
    "exception": {
      "appender": "resource",
      "appenderArguments": {
        "path": "{lucee-config}/logs/exception.log"
      },
      "level": "error",
      "layout": "classic"
    },
    "application": {
      "appender": "resource",
      "appenderArguments": {
        "path": "{lucee-config}/logs/application.log"
      },
      "level": "info",
      "layout": "classic"
    },
    "scope": {
      "appender": "resource",
      "appenderArguments": {
        "path": "{lucee-config}/logs/scope.log"
      },
      "level": "error",
      "layout": "classic"
    },
    "scheduler": {
      "appender": "resource",
      "appenderArguments": {
        "path": "{lucee-config}/logs/scheduler.log"
      },
      "level": "error",
      "layout": "classic"
    },
    "search": {
      "appender": "resource",
      "appenderArguments": {
        "path": "{lucee-config}/logs/search.log"
      },
      "level": "error",
      "layout": "classic"
    },
    "mail": {
      "appender": "resource",
      "appenderArguments": {
        "path": "{lucee-config}/logs/mail.log"
      },
      "level": "error",
      "layout": "classic"
    },
    "orm": {
      "appender": "resource",
      "appenderArguments": {
        "path": "{lucee-config}/logs/orm.log"
      },
      "level": "error",
      "layout": "classic"
    },
    "remoteclient": {
      "appender": "resource",
      "appenderArguments": {
        "path": "{lucee-config}/logs/remoteclient.log"
      },
      "level": "error",
      "layout": "classic"
    },
    "gateway": {
      "appender": "resource",
      "appenderArguments": {
        "path": "{lucee-config}/logs/gateway.log"
      },
      "level": "error",
      "layout": "classic"
    },
    "rest": {
      "appender": "resource",
      "appenderArguments": {
        "path": "{lucee-config}/logs/rest.log"
      },
      "level": "error",
      "layout": "classic"
    },
    "mapping": {
      "appender": "resource",
      "appenderArguments": {
        "path": "{lucee-config}/logs/mapping.log"
      },
      "level": "error",
      "layout": "classic"
    },
    "execute": {
      "appender": "resource",
      "appenderArguments": {
        "path": "{lucee-config}/logs/execute.log"
      },
      "level": "error",
      "layout": "classic"
    },
    "http": {
      "appender": "resource",
      "appenderArguments": {
        "path": "{lucee-config}/logs/http.log"
      },
      "level": "error",
      "layout": "classic"
    }
  },
  "mappings": {
    "/lucee/": {
      "readonly": "yes",
      "physical": "{lucee-config}/context/",
      "archive": "{lucee-config}/context/lucee-context.lar",
      "primary": "physical",
      "listenerMode": "modern",
      "listenerType": "curr2root",
      "inspectTemplate": "once"
    },
    "/lucee-server/": {
      "readonly": "yes",
      "physical": "{lucee-server}/context/",
      "archive": "",
      "primary": "physical",
      "listenerMode": "modern",
      "listenerType": "curr2root",
      "inspectTemplate": "once"
    },
    "/lucee/admin": {
      "physical": "{lucee-config}/context/admin",
      "archive": "{lucee-config}/context/lucee-admin.lar",
      "primary": "physical",
      "listenerType": "modern",
      "listenerMode": "curr2root",
      "inspectTemplate": "once",
      "topLevel": "true",
      "readOnly": "true"
    },
    "/lucee/doc": {
      "archive": "{lucee-config}/context/lucee-doc.lar",
      "primary": "archive",
      "listenerType": "modern",
      "listenerMode": "curr2root",
      "inspectTemplate": "once",
      "topLevel": "true",
      "readOnly": "true"
    }
  },
  "orm": {
    "engineClass": "org.lucee.extension.orm.hibernate.HibernateORMEngine",
    "engineBundleName": "hibernate.extension",
    "engineBundleVersion": "3.5.5.89"
  },
  "remoteClients": {
    "directory": "{lucee-config}remote-client/"
  },
  "resourceProviders": [
    {
      "scheme": "ftp",
      "class": "lucee.commons.io.res.type.ftp.FTPResourceProvider",
      "arguments": "lock-timeout:20000;socket-timeout:-1;client-timeout:60000"
    },
    {
      "scheme": "zip",
      "class": "lucee.commons.io.res.type.zip.ZipResourceProvider",
      "arguments": "lock-timeout:1000;case-sensitive:true;"
    },
    {
      "scheme": "tar",
      "class": "lucee.commons.io.res.type.tar.TarResourceProvider",
      "arguments": "lock-timeout:1000;case-sensitive:true;"
    },
    {
      "scheme": "tgz",
      "class": "lucee.commons.io.res.type.tgz.TGZResourceProvider",
      "arguments": "lock-timeout:1000;case-sensitive:true;"
    },
    {
      "scheme": "http",
      "class": "lucee.commons.io.res.type.http.HTTPResourceProvider",
      "arguments": "lock-timeout:10000;case-sensitive:false;"
    },
    {
      "scheme": "https",
      "class": "lucee.commons.io.res.type.http.HTTPSResourceProvider",
      "arguments": "lock-timeout:10000;case-sensitive:false;"
    },
    {
      "scheme": "ram",
      "class": "lucee.commons.io.res.type.cache.CacheResourceProvider",
      "arguments": "case-sensitive:true;lock-timeout:1000;"
    },
    {
      "bundleName": "org.lucee.s3.extension",
      "arguments": {
        "lock-timeout": "10000"
      },
      "bundleVersion": "2.0.2.19",
      "scheme": "s3",
      "class": "org.lucee.extension.resource.s3.S3ResourceProvider"
    }
  ],
  "salt": "80D0ED79-21E2-4D81-A19B5D43F18437E8",
  "extensions": [
    {
      "id": "7E673D15-D87C-41A6-8B5F1956528C605F",
      "name": "MySQL",
      "version": "9.0.0"
    },
    {
      "id": "99A4EF8D-F2FD-40C8-8FB8C2E67A4EEEB6",
      "name": "Microsoft SQL Server (Vendor Microsoft)",
      "version": "12.6.3.jre11"
    },
    {
      "id": "671B01B8-B3B3-42B9-AC055A356BED5281",
      "name": "PostgreSQL",
      "version": "42.7.3"
    },
    {
      "id": "2BCD080F-4E1E-48F5-BEFE794232A21AF6",
      "name": "jTDS (MSSQL,Sybase)",
      "version": "1.3.1"
    },
    {
      "id": "CED6227E-0F49-6367-A68D21AACA6B07E8",
      "name": "Lucee Administrator",
      "version": "1.0.0.5"
    },
    {
      "id": "D46D49C3-EB85-8D97-30BEC2F38561E985",
      "name": "Lucee Documentation",
      "version": "1.0.0.4"
    },
    {
      "id": "17AB52DE-B300-A94B-E058BD978511E39E",
      "name": "S3 Resource Extension",
      "version": "2.0.2.19"
    },
    {
      "id": "87FE44E5-179C-43A3-A87B3D38BEF4652E",
      "name": "EHCache",
      "version": "2.10.0.36"
    },
    {
      "id": "66E312DD-D083-27C0-64189D16753FD6F0",
      "name": "PDF Extension",
      "version": "1.2.0.10"
    },
    {
      "id": "B737ABC4-D43F-4D91-8E8E973E37C40D1B",
      "name": "Image extension",
      "version": "2.0.0.26"
    },
    {
      "id": "37C61C0A-5D7E-4256-8572639BE0CF5838",
      "name": "ESAPI extension",
      "version": "2.2.4.15"
    },
    {
      "id": "8D7FB0DF-08BB-1589-FE3975678F07DB17",
      "name": "Compress Tags",
      "version": "1.0.0.15"
    },
    {
      "id": "FAD1E8CB-4F45-4184-86359145767C29DE",
      "name": "Hibernate ORM Engine",
      "version": "3.5.5.89"
    }
  ],
  "jdbcDrivers": {
    "com.mysql.cj.jdbc.Driver": {
      "label": "MySQL",
      "id": "mysql",
      "bundleName": "com.mysql.cj",
      "bundleVersion": "9.0.0"
    },
    "com.microsoft.sqlserver.jdbc.SQLServerDriver": {
      "label": "Microsoft SQL Server (Vendor Microsoft)",
      "id": "mssql",
      "bundleName": "org.lucee.mssql",
      "bundleVersion": "12.6.3.jre11"
    },
    "org.postgresql.Driver": {
      "label": "PostgreSQL",
      "id": "postgresql",
      "bundleName": "org.postgresql.jdbc",
      "bundleVersion": "42.7.3"
    },
    "net.sourceforge.jtds.jdbc.Driver": {
      "label": "jTDS (MSSQL,Sybase)",
      "id": "jtds",
      "bundleName": "jtds",
      "bundleVersion": "1.3.1"
    }
  },
  "cacheClasses": [
    {
      "class": "org.lucee.extension.cache.eh.EHCache",
      "bundleName": "ehcache.extension",
      "bundleVersion": "2.10.0.36"
    }
  ],
  "hspw": "d7ffe7d04b4844ace3ae3345c13c32dd041816fc368fbd9778707564166bc382"
}